FREQ,Frequency,REF_AREA,Reference area,UNIT_MEASURE,Unit of measure,Series,2000,2001,2002,2003,2004,2005,2006,2007,2008,2009,2010,2011,2012,2013,2014,2015,2016,2017,2018,2019,2020,2021,2022
A,Annual,AE,United Arab Emirates,628,"Index, 2010 = 100",A:AE:628,58.841275,60.492655,62.23095,64.143074,67.358919,71.530826,78.223261,86.914734,97.605247,99.129658,100,100.877347,101.545426,102.663561,105.072324,109.348732,111.116856,113.302921,116.781662,114.524888,112.143786,112.34562,
A,Annual,AE,United Arab Emirates,771,"Year-on-year changes, in per cent",A:AE:771,1.347305,2.806499,2.873563,3.072626,5.01355,6.193548,9.356015,11.111111,12.3,1.561813,0.877983,0.877347,0.662269,1.101118,2.346269,4.069966,1.616959,1.967357,3.070301,-1.932473,-2.079113,0.179978,
A,Annual,AR,Argentina,628,"Index, 2010 = 100",A:AR:628,40.19201913,39.76377179,50.05008147,56.77838571,59.28571128,65.00227563,72.08520979,78.45290705,85.18759921,90.52943573,100,109.7753866,120.8002641,133.6280886,162.1695742,188.2362691,249.0721011,310.8269021,416.9752205,637.1557761,895.0916354,1316.69104,2279.525114
A,Annual,AR,Argentina,771,"Year-on-year changes, in per cent",A:AR:771,-0.939107403,-1.065503428,25.86854622,13.44314342,4.415986011,9.6423982,10.89644031,8.833569708,8.584375533,6.270673865,10.46130929,9.775386647,10.0431233,10.61903682,21.3588968,16.07372719,32.31886836,24.7939455,34.15029965,52.80423026,40.48238577,47.1012562,73.1252849
A,Annual,AT,Austria,628,"Index, 2010 = 100",A:AT:628,82.56835,84.783476,86.30014,87.477549,89.293554,91.339054,92.666135,94.671722,97.715027,98.213929,100,103.252844,105.82718,107.952504,109.668729,110.656556,111.664338,113.969268,116.254241,118.030333,119.73658,123.049292,133.566154
A,Annual,AT,Austria,771,"Year-on-year changes, in per cent",A:AT:771,2.376644,2.682779,1.788867,1.36432,2.075967,2.290759,1.452917,2.164316,3.214587,0.510569,1.818551,3.252844,2.493235,2.008297,1.589796,0.900737,0.91073,2.064159,2.004903,1.527766,1.4456,2.766667,8.54687
A,Annual,AU,Australia,628,"Index, 2010 = 100",A:AU:628,74.37565,77.653486,79.968783,82.154006,84.079084,86.342352,89.412071,91.493236,95.473465,97.164412,100,103.30385,105.12487,107.700312,110.379813,112.044745,113.475546,115.686785,117.898023,119.797086,120.811655,124.271592,
A,Annual,AU,Australia,771,"Year-on-year changes, in per cent",A:AU:771,4.457435,4.407135,2.981575,2.732596,2.343255,2.691832,3.555288,2.327611,4.350299,1.771117,2.91834,3.30385,1.76278,2.449889,2.487923,1.508367,1.276991,1.948647,1.911401,1.610768,0.846906,2.86391,
A,Annual,BE,Belgium,628,"Index, 2010 = 100",A:BE:628,81.421804,83.432319,84.804959,86.15248,87.959341,90.405871,92.025228,93.7029,97.909639,97.857604,100,103.532082,106.472045,107.657181,108.023218,108.629692,110.773882,113.128903,115.451626,117.110457,117.978002,120.856958,132.456219
A,Annual,BE,Belgium,771,"Year-on-year changes, in per cent",A:BE:771,2.544518,2.469258,1.645214,1.588964,2.097283,2.781433,1.791208,1.823056,4.489444,-0.053146,2.189299,3.532082,2.839663,1.113096,0.340003,0.561429,1.973853,2.125971,2.053165,1.43682,0.740792,2.440249,9.597512
A,Annual,BG,Bulgaria,628,"Index, 2010 = 100",A:BG:628,56.101263,60.231022,63.730401,65.22715,69.236883,72.725818,78.006757,84.561344,95.003465,97.619251,100,104.219814,107.299164,108.254095,106.719099,106.607209,105.755624,107.936191,110.97404,114.41849,116.332014,120.168011,138.593522
A,Annual,BG,Bulgaria,771,"Year-on-year changes, in per cent",A:BG:771,10.315731,7.36126,5.809927,2.348565,6.147336,5.039128,7.261436,8.402588,12.348576,2.753358,2.438811,4.219814,2.954668,0.88997,-1.417956,-0.104845,-0.798806,2.061893,2.814486,3.103834,1.67239,3.297457,15.333124
A,Annual,BR,Brazil,628,"Index, 2010 = 100",A:BR:628,52.53158273,56.12493161,60.86758059,69.8241962,74.43062769,79.54366737,82.87143089,85.88900591,90.76629374,95.20298175,100,106.6364496,112.3985394,119.3720749,126.9273546,138.3890854,150.4836698,155.6697991,161.3745936,167.3987722,172.7749359,187.1179746,204.4824036
A,Annual,BR,Brazil,771,"Year-on-year changes, in per cent",A:BR:771,7.044141009,6.840359057,8.450164384,14.7149197,6.597185139,6.869537228,4.183568126,3.641272982,5.678593884,4.888034783,5.038726895,6.636449615,5.40348994,6.204293621,6.329185265,9.030150168,8.739550818,3.446307041,3.664676474,3.733040262,3.211590927,8.301573685,9.279936383
A,Annual,CA,Canada,628,"Index, 2010 = 100",A:CA:628,81.890384,83.958214,85.854322,88.222667,89.861191,91.850315,93.689181,95.692616,97.96079,98.25415,100,102.912135,104.471952,105.452204,107.462793,108.672009,110.224671,111.984831,114.5249,116.757298,117.594448,121.587006,129.858329
A,Annual,CA,Canada,771,"Year-on-year changes, in per cent",A:CA:771,2.71944,2.52512,2.258394,2.758563,1.857259,2.213552,2.002025,2.138384,2.370271,0.299467,1.776872,2.912135,1.515678,0.938292,1.906636,1.125241,1.42876,1.596884,2.268226,1.949269,0.717,3.395193,6.802801
A,Annual,CH,Switzerland,628,"Index, 2010 = 100",A:CH:628,91.749407,92.656861,93.252336,93.847623,94.601126,95.709825,96.723863,97.432204,99.795951,99.316449,100,100.231374,99.537228,99.320927,99.307797,98.171799,97.745109,98.266869,99.186969,99.546921,98.824318,99.399309,102.217307
A,Annual,CH,Switzerland,771,"Year-on-year changes, in per cent",A:CH:771,1.558466,0.989057,0.642668,0.638362,0.8029,1.171972,1.059492,0.732334,2.426042,-0.480482,0.688256,0.231374,-0.692544,-0.217307,-0.013219,-1.143917,-0.434635,0.533796,0.936327,0.362903,-0.725891,0.581831,2.835028
A,Annual,CL,Chile,628,"Index, 2010 = 100",A:CL:628,72.776946,75.374429,77.250799,79.421683,80.259375,82.709352,85.514869,89.284191,97.066441,98.505682,100,103.341304,106.448019,108.689745,113.466389,118.401129,122.884822,125.566859,128.622526,131.521868,135.527354,141.659382,158.154012
A,Annual,CL,Chile,771,"Year-on-year changes, in per cent",A:CL:771,3.843273,3.569101,2.489398,2.810177,1.054739,3.052574,3.392019,4.407798,8.716269,1.482738,1.516986,3.341304,3.006267,2.105935,4.394751,4.349077,3.786867,2.182562,2.433498,2.254148,3.045491,4.524568,11.643867
A,Annual,CN,China,628,"Index, 2010 = 100",A:CN:628,80.979297,81.553127,80.957605,81.869285,84.998842,86.510813,87.936932,92.173042,97.633584,96.921546,100,105.551301,108.302149,111.084954,113.368992,115.117537,117.558564,119.342473,121.642114,125.335898,128.541836,129.633018,
A,Annual,CN,China,771,"Year-on-year changes, in per cent",A:CN:771,0.346968,0.708613,-0.730226,1.12612,3.822626,1.778815,1.648486,4.817214,5.924228,-0.729295,3.176232,5.551301,2.606172,2.569483,2.056118,1.542349,2.120465,1.517464,1.926926,3.036599,2.557878,0.848892,
A,Annual,CY,Cyprus,628,"Index, 2010 = 100",A:CY:628,77.364936,78.891686,81.100854,84.459534,86.388105,88.602358,90.814917,92.967286,97.309326,97.62807,100,103.290015,105.75689,105.333028,103.907157,101.726813,100.272967,100.813815,102.253249,102.509261,101.854819,104.346278,
A,Annual,CY,Cyprus,771,"Year-on-year changes, in per cent",A:CY:771,4.027175,1.973439,2.800254,4.141362,2.283426,2.563146,2.497178,2.370062,4.670503,0.327558,2.429558,3.290015,2.3883,-0.400789,-1.353679,-2.098359,-1.429167,0.539375,1.427815,0.250371,-0.638423,2.446089,
A,Annual,CZ,Czechia,628,"Index, 2010 = 100",A:CZ:628,77.817608,81.445983,82.995875,83.094442,85.387933,86.973658,89.177567,91.721917,97.5542,98.548642,100,101.917217,105.267883,106.78195,107.149267,107.480733,108.215383,110.867225,113.250333,116.47555,120.157683,124.771542,143.61225
A,Annual,CZ,Czechia,771,"Year-on-year changes, in per cent",A:CZ:771,3.775398,4.662666,1.902969,0.118761,2.760102,1.857083,2.533995,2.853128,6.358658,1.019374,1.472733,1.917217,3.287636,1.438299,0.343988,0.30935,0.683518,2.450522,2.149516,2.847865,3.161293,3.839836,15.100165
A,Annual,DE,Germany,628,"Index, 2010 = 100",A:DE:628,85.691304,87.407275,88.622754,89.570114,91.053713,92.44794,93.922603,96.085441,98.605774,98.900706,100,102.082402,104.102243,105.666279,106.658325,107.230315,107.757619,109.384217,111.278935,112.887658,113.459648,117.02565,126.275807
A,Annual,DE,Germany,771,"Year-on-year changes, in per cent",A:DE:771,1.428118,2.002503,1.390593,1.068979,1.656356,1.531213,1.595128,2.302788,2.623012,0.299103,1.111513,2.082402,1.978638,1.502404,0.938848,0.536283,0.491749,1.509497,1.732168,1.445667,0.50669,3.14297,7.904384
A,Annual,DK,Denmark,628,"Index, 2010 = 100",A:DK:628,81.653424,83.590751,85.617356,87.393983,88.402821,90.009821,91.741809,93.295241,96.482457,97.741273,100,102.758682,105.222748,106.053031,106.651192,107.133292,107.401125,108.633158,109.517007,110.34729,110.811535,112.864923,
A,Annual,DK,Denmark,771,"Year-on-year changes, in per cent",A:DK:771,2.925951,2.372622,2.424437,2.075078,1.154357,1.817815,1.924221,1.693266,3.416268,1.30471,2.310924,2.758682,2.397915,0.789072,0.564021,0.452034,0.25,1.147132,0.813609,0.758132,0.420712,1.853045,
A,Annual,DZ,Algeria,628,"Index, 2010 = 100",A:DZ:628,70.444767,73.421658,74.456792,77.629758,80.710325,81.826083,83.717483,86.79745,91.011525,96.236142,100,104.528483,113.817933,117.521825,120.949867,126.73665,134.844867,142.3842,148.463992,151.361675,155.017258,166.2189,181.619925
A,Annual,DZ,Algeria,771,"Year-on-year changes, in per cent",A:DZ:771,0.340273,4.225852,1.409847,4.261487,3.968281,1.382423,2.311488,3.679001,4.855068,5.74061,3.911065,4.528483,8.887004,3.254225,2.91694,4.784448,6.397689,5.591116,4.26999,1.951775,2.415131,7.226061,9.265508
A,Annual,EE,Estonia,628,"Index, 2010 = 100",A:EE:628,66.451705,70.274338,72.778148,73.753096,76.001143,79.109354,82.613831,88.064393,97.192799,97.110402,100,104.977615,109.108402,112.150886,112.026576,111.476948,111.64317,115.455325,119.418937,122.150886,121.603163,127.258049,151.948466
A,Annual,EE,Estonia,771,"Year-on-year changes, in per cent",A:EE:771,4.010675,5.752498,3.562908,1.339616,3.048072,4.08969,4.429915,6.597639,10.365603,-0.084776,2.97558,4.977615,3.934922,2.788497,-0.110841,-0.490623,0.149109,3.414588,3.433027,2.287702,-0.448399,4.650279,19.401851
A,Annual,ES,Spain,628,"Index, 2010 = 100",A:ES:628,75.924432,78.650041,81.062555,83.525955,86.064517,88.96387,92.091463,94.657865,98.515498,98.231958,100,103.196102,105.72041,107.209568,107.047559,106.511929,106.296138,108.375372,110.190639,110.961444,110.603312,114.024422,123.591728
A,Annual,ES,Spain,771,"Year-on-year changes, in per cent",A:ES:771,3.433517,3.589897,3.067403,3.038888,3.039249,3.368814,3.515576,2.786797,4.075343,-0.287813,1.799865,3.196102,2.446128,1.408581,-0.151115,-0.500366,-0.202598,1.956076,1.674981,0.699519,-0.322753,3.093135,8.390576
A,Annual,FI,Finland,628,"Index, 2010 = 100",A:FI:628,85.871911,88.090337,89.479562,90.252094,90.422934,91.189633,92.616359,94.943123,98.803283,98.804117,100,103.416809,106.321097,107.892829,109.016152,108.7904,109.178439,110.001661,111.193882,112.335332,112.649026,115.142264,123.338218
A,Annual,FI,Finland,771,"Year-on-year changes, in per cent",A:FI:771,3.35724,2.583413,1.577045,0.863362,0.189293,0.847903,1.564571,2.51226,4.065761,0.000843,1.210358,3.416809,2.808332,1.478288,1.041147,-0.207081,0.356685,0.754015,1.083821,1.02654,0.279248,2.21328,7.11811
A,Annual,FR,France,628,"Index, 2010 = 100",A:FR:628,84.389132,85.76871,87.418396,89.252846,91.164722,92.756339,94.310123,95.713456,98.405744,98.491967,100,102.111598,104.107058,105.006247,105.539425,105.579018,105.772581,106.864453,108.842316,110.048567,110.572947,112.388921,118.258284
A,Annual,FR,France,771,"Year-on-year changes, in per cent",A:FR:771,1.67596,1.634781,1.923412,2.098472,2.14209,1.745869,1.675124,1.487998,2.812862,0.08762,1.531123,2.111598,1.954195,0.863715,0.507759,0.037514,0.183335,1.032283,1.850815,1.108255,0.476499,1.642331,5.222367
A,Annual,GB,United Kingdom,628,"Index, 2010 = 100",A:GB:628,81.280283,82.286619,83.302274,84.448379,85.585166,87.327618,89.377562,91.446142,94.735371,96.803951,100,104.463287,107.389117,110.147223,111.768543,111.82445,112.541931,115.570257,118.430861,120.536713,121.598956,124.739098,136.032426
A,Annual,GB,United Kingdom,771,"Year-on-year changes, in per cent",A:GB:771,0.797319,1.238106,1.234288,1.375839,1.346133,2.035928,2.347418,2.314429,3.596902,2.183535,3.301569,4.463287,2.800821,2.56833,1.471957,0.050021,0.641613,2.690843,2.475208,1.778127,0.881262,2.582375,9.053559
A,Annual,GR,Greece,628,"Index, 2010 = 100",A:GR:628,72.203438,74.639025,77.347283,80.078194,82.399678,85.321039,88.047755,90.596605,94.357795,95.501338,100,103.331627,104.883758,103.915564,102.553884,100.77187,99.940432,101.062161,101.694759,101.950651,100.678743,101.910379,
A,Annual,GR,Greece,771,"Year-on-year changes, in per cent",A:GR:771,3.15358,3.373228,3.628475,3.530713,2.899021,3.545356,3.195831,2.89485,4.151579,1.211922,4.710575,3.331627,1.502087,-0.923111,-1.310372,-1.737637,-0.82507,1.122398,0.62595,0.251627,-1.247572,1.223333,
A,Annual,HK,Hong Kong SAR,628,"Index, 2010 = 100",A:HK:628,95.832395,94.289254,91.416986,89.051588,88.724938,89.535932,91.326875,93.185402,97.195314,97.758504,100,105.305249,109.574228,114.327551,119.384997,122.955621,125.918,127.799054,130.874071,134.647443,134.985357,137.102951,139.682361
A,Annual,HK,Hong Kong SAR,771,"Year-on-year changes, in per cent",A:HK:771,-3.722983,-1.610249,-3.046231,-2.587482,-0.36681,0.914054,2.000252,2.035027,4.303155,0.579441,2.292891,5.305249,4.05391,4.337993,4.423645,2.990848,2.409307,1.493872,2.406134,2.883209,0.250962,1.568758,1.881367
A,Annual,HR,Croatia,628,"Index, 2010 = 100",A:HR:628,75.814245,78.677523,79.992842,81.406586,83.079814,85.835719,88.573729,91.141732,96.680387,98.979957,100,102.272727,105.762348,108.106657,107.874016,107.372942,106.164996,107.363994,108.974588,109.815676,109.985684,112.795276,124.955261
A,Annual,HR,Croatia,771,"Year-on-year changes, in per cent",A:HR:771,4.604938,3.776702,1.671784,1.767338,2.055397,3.317178,3.189826,2.899283,6.076968,2.378528,1.030555,2.272727,3.412073,2.216582,-0.215196,-0.464499,-1.125,1.129372,1.500125,0.77182,0.154811,2.554507,10.780581
A,Annual,HU,Hungary,628,"Index, 2010 = 100",A:HU:628,57.854236,63.149675,66.477422,69.577163,74.269526,76.914395,79.927494,86.292281,91.509058,95.358938,100,103.919423,109.811097,111.698987,111.45274,111.374078,111.82097,114.443038,117.695544,121.634347,125.680199,132.101873,151.409647
A,Annual,HU,Hungary,771,"Year-on-year changes, in per cent",A:HU:771,9.784749,9.15307,5.269619,4.662848,6.744114,3.561177,3.917471,7.963201,6.045473,4.207104,4.866939,3.919423,5.669464,1.719216,-0.220455,-0.070579,0.401253,2.344881,2.84203,3.346604,3.326241,5.109535,14.615821
A,Annual,ID,Indonesia,628,"Index, 2010 = 100",A:ID:628,43.439512,48.435964,54.189727,57.758327,61.346385,67.762346,76.641677,81.552169,90.620225,95.110953,100,105.34363,109.537111,116.562149,124.016212,131.907513,136.558315,141.759546,146.293507,150.727059,153.769734,156.168665,162.742516
A,Annual,ID,Indonesia,771,"Year-on-year changes, in per cent",A:ID:771,3.690189,11.502093,11.879112,6.585381,6.212193,10.458579,13.103637,6.407077,11.119331,4.955548,5.140362,5.34363,3.980763,6.413387,6.394925,6.363121,3.525805,3.808798,3.198346,3.030587,2.018666,1.56008,4.209456
A,Annual,IE,Ireland,628,"Index, 2010 = 100",A:IE:628,78.359572,82.177959,85.970253,88.971036,90.928068,93.13734,96.799165,101.539532,105.662347,100.930678,100,102.557189,104.296773,104.827346,105.018701,104.714273,104.722971,105.079586,105.592763,106.584326,106.227712,108.732713,117.221884
A,Annual,IE,Ireland,771,"Year-on-year changes, in per cent",A:IE:771,5.590717,4.872905,4.614733,3.49049,2.199629,2.429692,3.93164,4.897116,4.060305,-4.478103,-0.922096,2.557189,1.696209,0.508715,0.182542,-0.289879,0.008306,0.340532,0.48837,0.939044,-0.334585,2.358143,7.807375
A,Annual,IL,Israel,628,"Index, 2010 = 100",A:IL:628,80.874317,81.776763,86.427932,87.00645,86.6466,87.798441,89.648571,90.110992,94.250829,97.377049,100,103.449879,105.216877,106.822091,107.330646,106.651707,106.07059,106.327511,107.185255,108.0877,107.453462,109.056705,
A,Annual,IL,Israel,771,"Year-on-year changes, in per cent",A:IL:771,1.124602,1.115862,5.687641,0.669365,-0.413589,1.329355,2.107247,0.515815,4.594153,3.316916,2.693603,3.449879,1.708072,1.525624,0.476077,-0.632568,-0.544873,0.242216,0.8067,0.841949,-0.586781,1.492035,
A,Annual,IN,India,628,"Index, 2010 = 100",A:IN:628,58.974921,62.017164,63.551666,66.935031,70.817465,73.990014,78.333787,82.242326,89.378696,91.270336,100,109.803268,118.091776,125.529932,133.583655,140.138569,147.072929,151.967771,157.963004,163.844403,174.696534,183.670411,195.964433
A,Annual,IN,India,771,"Year-on-year changes, in per cent",A:IN:771,6.232835,5.158535,2.474319,5.323802,5.800303,4.479896,5.870755,4.989596,8.677247,2.116432,9.564624,9.803268,7.548508,6.298623,6.415779,4.906973,4.948216,3.328173,3.945069,3.723276,6.623437,5.136838,6.693523
A,Annual,IS,Iceland,628,"Index, 2010 = 100",A:IS:628,54.75425634,58.25340737,61.26611904,62.52810793,64.49681061,67.08274058,71.55935937,75.18470928,84.71616723,94.88779771,100,104.0062411,109.40067,113.6340691,115.9584232,117.8537011,119.8545271,121.9654903,125.2351888,129.0142719,132.6832178,138.5801478,150.0986646
A,Annual,IS,Iceland,771,"Year-on-year changes, in per cent",A:IS:771,5.155775,6.390647,5.171735,2.059848,3.148508,4.009392,6.67328,5.066213,12.677389,12.006717,5.387629,4.006241,5.18664,3.869628,2.045473,1.634446,1.69772,1.761271,2.680839,3.017589,2.843829,4.444368,8.311809
A,Annual,IT,Italy,628,"Index, 2010 = 100",A:IT:628,80.713844,82.961297,85.005332,87.277876,89.201832,90.974344,92.877689,94.574929,97.74269,98.500802,100,102.783329,105.908077,107.19848,107.458353,107.499574,107.408171,108.716497,109.953133,110.625218,110.472879,112.542901,121.772871
A,Annual,IT,Italy,771,"Year-on-year changes, in per cent",A:IT:771,2.538678,2.78447,2.463842,2.673413,2.204403,1.987081,2.092178,1.827392,3.349473,0.77562,1.522016,2.783329,3.040131,1.218418,0.242422,0.03836,-0.085027,1.218088,1.137488,0.611247,-0.137708,1.873783,8.20129
A,Annual,JP,Japan,628,"Index, 2010 = 100",A:JP:628,102.610301,101.8984,100.984356,100.720689,100.7119,100.421867,100.676745,100.720689,102.109334,100.747056,100,99.727544,99.6836,100.017578,102.77729,103.594656,103.462823,103.96379,104.99209,105.484268,105.457901,105.211812,107.839691
A,Annual,JP,Japan,771,"Year-on-year changes, in per cent",A:JP:771,-0.68901,-0.69379,-0.897016,-0.261097,-0.008726,-0.287983,0.253807,0.043649,1.378709,-1.334137,-0.741516,-0.272456,0,0.4,2.7,0.8,-0.1,0.5,0.989095,0.468776,-0.024996,-0.233353,2.497703
A,Annual,KR,Korea,628,"Index, 2010 = 100",A:KR:628,73.114566,76.087825,78.18957,80.937835,83.84404,86.15293,88.084772,90.317346,94.538685,97.144641,100,104.025965,106.301087,107.684433,109.057167,109.827472,110.89465,113.050811,114.719259,115.158634,115.777368,118.669872,124.707662
A,Annual,KR,Korea,771,"Year-on-year changes, in per cent",A:KR:771,2.259166,4.066576,2.762262,3.514875,3.590663,2.753792,2.24234,2.534574,4.673897,2.756497,2.939287,4.025965,2.187071,1.301348,1.274774,0.706332,0.971686,1.944332,1.475839,0.383,0.537288,2.498333,5.087888
A,Annual,LT,Lithuania,628,"Index, 2010 = 100",A:LT:628,74.404478,75.421677,75.633994,74.776071,75.646541,77.657593,80.561303,85.183245,94.490269,98.697963,100,104.130276,107.347883,108.47233,108.584879,107.624883,108.599453,112.64249,115.681503,118.382098,119.802559,125.413564,150.126365
A,Annual,LT,Lithuania,771,"Year-on-year changes, in per cent",A:LT:771,0.981615,1.36712,0.281507,-1.134309,1.164103,2.658485,3.73912,5.737174,10.925886,4.453045,1.319214,4.130276,3.089983,1.047479,0.103758,-0.884097,0.905525,3.722889,2.697928,2.334509,1.199894,4.683544,19.705046
A,Annual,LU,Luxembourg,628,"Index, 2010 = 100",A:LU:628,80.051635,82.183265,83.888279,85.607397,87.514708,89.691294,92.083099,94.213456,97.416817,97.777185,100,103.409845,106.164839,108.005719,108.685139,109.202577,109.519992,111.415563,113.118211,115.090224,116.033915,118.965999,126.503694
A,Annual,LU,Luxembourg,771,"Year-on-year changes, in per cent",A:LU:771,3.150317,2.66282,2.074648,2.049295,2.227974,2.487108,2.666709,2.313515,3.40011,0.369924,2.273347,3.409845,2.664151,1.733982,0.62906,0.476088,0.290666,1.7308,1.528195,1.743321,0.819957,2.52692,6.336008
A,Annual,LV,Latvia,628,"Index, 2010 = 100",A:LV:628,59.172654,60.648543,61.820674,63.638291,67.580242,72.14105,76.855217,84.612388,97.644396,101.094712,100,104.36948,106.725084,106.695004,107.313369,107.553022,107.696025,110.846528,113.657769,116.858077,117.114496,120.95092,141.888527
A,Annual,LV,Latvia,771,"Year-on-year changes, in per cent",A:LV:771,2.642226,2.494208,1.932662,2.940144,6.194306,6.74873,6.534652,10.093226,15.402009,3.533553,-1.082858,4.36948,2.256985,-0.028185,0.579563,0.223321,0.13296,2.925366,2.536156,2.81574,0.219428,3.275789,17.310828
A,Annual,MK,North Macedonia,628,"Index, 2010 = 100",A:MK:628,80.231686,84.223685,86.023835,86.732228,86.36553,86.815568,89.607467,91.624302,99.249937,98.533211,100,103.900325,107.367281,110.350863,110.059172,109.72581,109.467456,110.934245,112.542712,113.426119,114.776231,118.47654,135.311276
A,Annual,MK,North Macedonia,771,"Year-on-year changes, in per cent",A:MK:771,5.977543,4.975589,2.137344,0.823484,-0.422792,0.521085,3.215897,2.250744,8.322721,-0.722143,1.488624,3.900325,3.336809,2.778856,-0.26433,-0.302893,-0.235455,1.339931,1.449929,0.784953,1.190301,3.223933,14.209342
A,Annual,MT,Malta,628,"Index, 2010 = 100",A:MT:628,78.83211,81.143578,82.918159,84.001142,86.344842,88.943631,91.410732,92.552653,96.49412,98.505373,100,102.72127,105.203105,106.649845,106.984133,108.158285,108.855409,110.340826,111.617199,113.450718,114.174548,115.883745,
A,Annual,MT,Malta,771,"Year-on-year changes, in per cent",A:MT:771,2.370218,2.93214,2.186964,1.306086,2.790081,3.00978,2.77378,1.249219,4.258622,2.084327,1.517305,2.72127,2.416087,1.375187,0.313444,1.097501,0.644541,1.364578,1.156754,1.642685,0.638013,1.497004,
A,Annual,MX,Mexico,628,"Index, 2010 = 100",A:MX:628,63.312818,67.344404,70.732321,73.94842,77.415428,80.502836,83.424646,86.73397,91.179079,96.009169,100,103.407386,107.658959,111.756888,116.248008,119.41067,122.780083,130.197803,136.576655,141.54252,146.350484,154.676669,166.890366
A,Annual,MX,Mexico,771,"Year-on-year changes, in per cent",A:MX:771,9.491543,6.367725,5.030732,4.546858,4.688415,3.988104,3.62945,3.966842,5.124991,5.297367,4.156719,3.407386,4.111479,3.806399,4.018651,2.720617,2.821701,6.041469,4.899354,3.635955,3.396834,5.689208,7.896276
A,Annual,MY,Malaysia,628,"Index, 2010 = 100",A:MY:628,80.41993,81.544743,83.027829,83.902683,85.102483,87.677054,90.851525,92.692885,97.725379,98.308615,100,103.174471,104.890852,107.098817,110.464923,112.789535,115.130812,119.505082,120.663223,121.463089,120.079987,123.054491,127.212131
A,Annual,MY,Malaysia,771,"Year-on-year changes, in per cent",A:MY:771,1.589306,1.398674,1.818739,1.053688,1.42999,3.025259,3.620641,2.026779,5.429213,0.596811,1.720485,3.174471,1.663571,2.105012,3.142991,2.10439,2.075792,3.799392,0.969114,0.662892,-1.138702,2.477102,3.378699
A,Annual,NL,Netherlands,628,"Index, 2010 = 100",A:NL:628,81.947475,85.353067,88.159092,90.003375,91.140692,92.679258,93.700133,95.212325,97.579758,98.740758,100,102.341067,104.854108,107.482675,108.531742,109.183208,109.528967,111.042058,112.933675,115.907992,117.382892,120.523717,132.577533
A,Annual,NL,Netherlands,771,"Year-on-year changes, in per cent",A:NL:771,2.360538,4.155823,3.28755,2.091994,1.263638,1.688123,1.101514,1.613863,2.486478,1.189796,1.275301,2.341067,2.455555,2.50688,0.976033,0.600255,0.316677,1.381453,1.703514,2.633684,1.272475,2.675709,10.001199
A,Annual,NO,Norway,628,"Index, 2010 = 100",A:NO:628,81.929237,84.390553,85.476427,87.602932,88.001086,89.34938,91.43064,92.082165,95.538865,97.638223,100,101.284952,101.99077,104.15347,106.279975,108.587458,112.442313,114.550719,117.717854,120.269659,121.81703,126.06099,133.327301
A,Annual,NO,Norway,771,"Year-on-year changes, in per cent",A:NO:771,3.085506,3.004197,1.286725,2.487826,0.454499,1.532134,2.32935,0.712589,3.753931,2.197386,2.418906,1.284952,0.696864,2.120486,2.041703,2.171137,3.55,1.875101,2.764831,2.16773,1.286585,3.483881,5.764123
A,Annual,NZ,New Zealand,628,"Index, 2010 = 100",A:NZ:628,76.998126,79.01995,81.13538,82.558191,84.448973,87.013697,89.942055,92.079196,95.724587,97.749749,100,104.027896,105.130523,106.323142,107.628291,107.943316,108.640872,110.651579,112.42012,114.240912,116.199643,120.779211,129.441767
A,Annual,NZ,New Zealand,771,"Year-on-year changes, in per cent",A:NZ:771,2.615212,2.62581,2.677083,1.753626,2.290242,3.03701,3.365399,2.376131,3.958974,2.115613,2.302053,4.027896,1.059935,1.134417,1.227531,0.292697,0.646225,1.850783,1.598297,1.619632,1.714562,3.941121,7.172225
A,Annual,PE,Peru,628,"Index, 2010 = 100",A:PE:628,79.1622813,80.72604582,80.88095863,82.70985907,85.7383184,87.12530594,88.86901573,90.44971341,95.68483504,98.4935148,100,103.3696655,107.1482546,110.1546498,113.7302268,117.7652032,121.9966058,125.4171854,127.0685667,129.782758,132.1540755,137.4125054,148.2368128
A,Annual,PE,Peru,771,"Year-on-year changes, in per cent",A:PE:771,3.758542074,1.97539092,0.19189942,2.261224974,3.661545755,1.617698556,2.001381535,1.778682562,5.787880833,2.935344727,1.529527307,3.369665486,3.655413909,2.805827455,3.245961035,3.547848764,3.593083895,2.803831823,1.316710548,2.136005236,1.827143718,3.979014595,7.877236012
A,Annual,PH,Philippines,628,"Index, 2010 = 100",A:PH:628,63.612372,67.085401,68.890531,70.452866,73.841444,78.707907,83.004328,85.453394,92.452233,96.336958,100,104.687005,108.012245,110.820226,114.799958,115.5389,117.027341,120.352581,126.654703,129.684366,132.787924,138.002745,146.036103
A,Annual,PH,Philippines,771,"Year-on-year changes, in per cent",A:PH:771,6.560566,5.459675,2.690795,2.267852,4.809709,6.590422,5.458691,2.950528,8.190241,4.201873,3.802323,4.687005,3.176364,2.599687,3.59116,0.643678,1.288259,2.841422,5.236383,2.392065,2.393162,3.92718,5.821158
A,Annual,PL,Poland,628,"Index, 2010 = 100",A:PL:628,75.756604,79.916586,81.435141,82.08213,85.012298,86.80355,87.771361,89.867394,93.776067,97.363918,100,104.224147,108.127473,109.394717,109.581863,108.58197,107.876163,110.03636,112.014758,114.463694,118.318896,124.414501,142.359106
A,Annual,PL,Poland,771,"Year-on-year changes, in per cent",A:PL:771,10.059815,5.491248,1.900174,0.794485,3.5698,2.107051,1.114944,2.38806,4.349378,3.825978,2.707452,4.224147,3.745126,1.171991,0.171074,-0.912462,-0.650022,2.002478,1.797949,2.186262,3.368057,5.151844,14.423242
A,Annual,PT,Portugal,628,"Index, 2010 = 100",A:PT:628,78.532368,81.964157,84.915151,87.648562,89.721768,91.764879,94.616625,96.938484,99.447743,98.616827,100,103.653011,106.52766,106.81999,106.522866,107.042632,107.692806,109.166705,110.251512,110.624359,110.610599,112.01055,120.78399
A,Annual,PT,Portugal,771,"Year-on-year changes, in per cent",A:PT:771,2.85303,4.369903,3.600347,3.218991,2.365362,2.277164,3.107665,2.453965,2.588507,-0.83553,1.402573,3.653011,2.773339,0.274417,-0.278153,0.487939,0.607397,1.368614,0.993716,0.338178,-0.012438,1.265657,7.832691
A,Annual,RO,Romania,628,"Index, 2010 = 100",A:RO:628,31.997166,43.007261,52.694964,60.765098,67.973316,74.083476,78.959797,82.773481,89.285082,94.267666,100,105.797273,109.327587,113.67259,114.882815,114.221619,112.444654,113.964225,119.222504,123.78889,127.047642,133.465376,151.879686
A,Annual,RO,Romania,771,"Year-on-year changes, in per cent",A:RO:771,45.776167,34.409594,22.525738,15.314811,11.862431,8.989057,6.582198,4.829907,7.866771,5.580534,6.080912,5.797273,3.336867,3.974297,1.064659,-0.57554,-1.555716,1.351394,4.613974,3.830137,2.632508,5.051439,13.797069
A,Annual,RS,Serbia,628,"Index, 2010 = 100",A:RS:628,19.68391747,38.3875096,45.88880051,50.45380622,56.03224608,65.12378006,72.80749762,77.51895663,87.13982408,94.21292084,100,111.1373976,119.2841978,128.4622384,131.1373976,132.9633,134.4604186,138.7164089,141.4570822,144.0988778,146.3348499,152.3020928,
A,Annual,RS,Serbia,771,"Year-on-year changes, in per cent",A:RS:771,71.15177804,95.01966345,19.54096785,9.947973499,11.05652929,16.22553906,11.7986357,6.471117896,12.41098678,8.116950922,6.142553603,11.13739763,7.330385896,7.694263629,2.082447939,1.39235822,1.125963776,3.165236536,1.975738387,1.867559779,1.551692928,4.077800301,
A,Annual,RU,Russia,628,"Index, 2010 = 100",A:RU:628,,37.361592,43.261742,49.169583,54.5212,61.436333,67.382617,73.451917,83.814333,93.582125,100.000008,108.435008,113.930175,121.634725,131.153883,151.514767,162.197567,168.174608,172.995692,180.715608,186.83105,199.333608,
A,Annual,RU,Russia,771,"Year-on-year changes, in per cent",A:RU:771,,,15.79202,13.656042,10.883998,12.683384,9.678773,9.007219,14.107755,11.654083,6.858023,8.434999,5.067705,6.762519,7.82602,15.524423,7.050666,3.685038,2.866713,4.462491,3.384014,6.691906,
A,Annual,SA,Saudi Arabia,628,"Index, 2010 = 100",A:SA:628,76.687414,75.827791,76.015228,76.467661,76.739121,77.210944,78.98836,82.239415,90.357358,94.923054,100,104.99333,108.002722,111.794053,114.294093,115.672563,118.065644,117.076024,119.953919,117.442883,121.489329,125.210899,128.308709
A,Annual,SA,Saudi Arabia,771,"Year-on-year changes, in per cent",A:SA:771,-1.042535,-1.120944,0.247187,0.595187,0.355,0.61484,2.302026,4.115866,9.87111,5.052933,5.348486,4.99333,2.86627,3.510403,2.23629,1.206073,2.06884,-0.838195,2.458142,-2.093333,3.445458,3.06329,2.474074
A,Annual,SE,Sweden,628,"Index, 2010 = 100",A:SE:628,86.226296,88.300865,90.206823,91.943896,92.287453,92.705673,93.966669,96.045371,99.346497,98.855268,100,102.961151,103.875834,103.829825,103.643306,103.594817,104.614469,106.491775,108.572129,110.50922,111.058857,113.461279,122.957183
A,Annual,SE,Sweden,771,"Year-on-year changes, in per cent",A:SE:771,0.899144,2.405958,2.158482,1.925655,0.37366,0.453171,1.360215,2.212169,3.437049,-0.494461,1.157988,2.961151,0.888378,-0.044293,-0.179638,-0.046785,0.984269,1.794499,1.953535,1.784151,0.497367,2.163197,8.369291
A,Annual,SG,Singapore,628,"Index, 2010 = 100",A:SG:628,85.157947,86.021806,85.685071,86.102366,87.541401,87.951736,88.798625,90.667729,96.676989,97.25388,100,105.247793,110.063514,112.659477,113.814403,113.219589,112.616956,113.265923,113.76273,114.405786,114.197663,116.829758,
A,Annual,SG,Singapore,771,"Year-on-year changes, in per cent",A:SG:771,1.348522,1.01442,-0.391452,0.48701,1.671306,0.468733,0.962902,2.10488,6.627782,0.59672,2.823661,5.247793,4.575603,2.358604,1.025148,-0.522618,-0.532269,0.57626,0.43862,0.565261,-0.181917,2.30486,
A,Annual,SI,Slovenia,628,"Index, 2010 = 100",A:SI:628,66.528342,72.126082,77.529578,81.802931,84.743069,86.82677,88.945788,92.212608,97.421861,98.242981,100,101.818824,104.458767,106.29525,106.498322,105.959739,105.897934,107.407734,109.278651,111.055977,110.995056,113.122903,123.11584
A,Annual,SI,Slovenia,771,"Year-on-year changes, in per cent",A:SI:771,9.032713,8.414068,7.491737,5.511901,3.594172,2.458846,2.440513,3.672821,5.649177,0.842849,1.788443,1.818824,2.592785,1.758093,0.191046,-0.50572,-0.058328,1.425713,1.741882,1.626417,-0.054857,1.917065,8.833699
A,Annual,SK,Slovak Republic,628,"Index, 2010 = 100",A:SK:628,65.396359,70.049872,72.389328,78.567599,84.492435,86.794359,90.682281,93.188452,97.463677,99.046461,100,103.908313,107.66443,109.159487,109.083979,108.728456,108.17007,109.602116,112.326959,115.334466,117.563605,121.273245,136.758317
A,Annual,SK,Slovak Republic,771,"Year-on-year changes, in per cent",A:SK:771,12.037697,7.115859,3.339701,8.534782,7.541068,2.724414,4.479465,2.763683,4.587719,1.623973,0.962719,3.908313,3.614837,1.388626,-0.069171,-0.325917,-0.513561,1.323885,2.486122,2.677458,1.93276,3.155433,12.768745
A,Annual,TH,Thailand,628,"Index, 2010 = 100",A:TH:628,77.371794,78.617747,79.136894,80.571628,82.836997,86.5371,90.614765,92.578084,97.656287,96.806773,100,103.81054,106.937693,109.274799,111.34478,110.343298,110.550957,111.286258,112.471801,113.265624,112.306618,113.689437,120.598813
A,Annual,TH,Thailand,771,"Year-on-year changes, in per cent",A:TH:771,1.699752,1.610345,0.660343,1.812977,2.811621,4.466727,4.712042,2.166667,5.485318,-0.869901,3.298557,3.81054,3.012366,2.185484,1.894289,-0.899442,0.188193,0.665124,1.06531,0.705797,-0.846688,1.231289,6.077412
A,Annual,TR,Turkey,628,"Index, 2010 = 100",A:TR:628,19.99248498,30.87873887,44.74415145,56.05427877,60.87397235,65.85295217,72.17301943,78.49261958,86.69048954,92.10949178,100,106.4718797,115.9389013,124.6263079,135.661435,146.0678251,157.4247945,174.9687033,203.5454036,234.4371263,263.2235613,314.8061472,542.4388079
A,Annual,TR,Turkey,771,"Year-on-year changes, in per cent",A:TR:771,54.83889897,54.45172975,44.90278128,25.27733113,8.598261681,8.179160368,9.597242123,8.75618091,10.44412838,6.250976631,8.566444206,6.471879671,8.891569965,7.493090306,8.854572714,7.670853649,7.775134153,11.14431108,16.3324639,15.17682157,12.27895745,19.59649269,72.30883599
A,Annual,US,United States,628,"Index, 2010 = 100",A:US:628,78.970721,81.202568,82.490467,84.363079,86.621678,89.560532,92.449705,95.086992,98.737477,98.38642,100,103.156842,105.291505,106.833849,108.566932,108.695722,110.067009,112.411557,115.157303,117.244195,118.690502,124.266414,134.211206
A,Annual,US,United States,771,"Year-on-year changes, in per cent",A:US:771,3.376857,2.826171,1.586032,2.270095,2.677237,3.392747,3.225944,2.852672,3.8391,-0.355546,1.640043,3.156842,2.069337,1.464833,1.622223,0.118627,1.261583,2.13011,2.442583,1.81221,1.233584,4.697859,8.0028
A,Annual,XM,Euro area,628,"Index, 2010 = 100",A:XM:628,81.652977,83.565971,85.446753,87.224638,89.095578,91.037204,93.023568,95.009932,98.119218,98.404646,100,102.713803,105.27997,106.702636,107.163437,107.370126,107.622448,109.277751,111.195218,112.52483,112.808468,115.728065,125.430826
A,Annual,XM,Euro area,771,"Year-on-year changes, in per cent",A:XM:771,2.102307,2.342834,2.250656,2.080694,2.144967,2.179262,2.181925,2.135334,3.27259,0.290899,1.621219,2.713803,2.498367,1.351317,0.431855,0.192873,0.235002,1.538065,1.754673,1.195745,0.252067,2.588101,8.384104
A,Annual,ZA,South Africa,628,"Index, 2010 = 100",A:ZA:628,56.207917,59.412892,64.856525,68.658858,69.610533,71.975108,75.316258,80.661783,89.531467,95.959008,99.999992,104.992683,110.922408,117.291358,124.450942,130.161067,138.4041,145.7101,152.43045,158.711575,163.909208,171.376275,183.147892
A,Annual,ZA,South Africa,771,"Year-on-year changes, in per cent",A:ZA:771,5.342637,5.701999,9.162377,5.862684,1.386092,3.396864,4.642091,7.097438,10.996141,7.179087,4.211156,4.992692,5.647751,5.741806,6.104101,4.588254,6.332949,5.278745,4.612137,4.12065,3.274892,4.555611,6.868872